"gene","baseMean","log2FoldChange","lfcSE","stat","pvalue","padj"
"3910",1368.59894374586,2.50360078836781,0.252650050024652,9.90936193412,3.79059197351967e-23,5.39969826627877e-19
"4057",254.007914144721,6.23535619832437,0.636522422071086,9.79597258810784,1.17164350527219e-22,8.34503086630119e-19
"2202",728.897946409573,4.77948033969117,0.532864108390236,8.96941690092399,2.98088260297937e-19,1.41542242264804e-15
"30845",588.140207762408,-2.574803690043,0.316383227121215,-8.13824333695326,4.01054170242614e-16,1.24128944199383e-12
"100",949.890963285013,2.24992935835821,0.276805184971682,8.12820525232714,4.35693029832863e-16,1.24128944199383e-12
"91851",463.82883150709,3.67783046721592,0.484267002983303,7.59463363094909,3.08664475180024e-14,7.32820908156574e-11
"6563",210.713595959313,4.99028092337467,0.660513409668904,7.55515459690084,4.18362630811591e-14,8.51367953701587e-11
"400643",298.447097712518,-3.05732963705081,0.407316648641974,-7.50602669260927,6.09489951485422e-14,1.08527304486373e-10
"84450",549.170666509206,-2.1297988655237,0.286249253046646,-7.4403647969577,1.00407635617093e-13,1.58922974373944e-10
"5493",558.674213202619,2.25003703980168,0.312781127749586,7.19364705917637,6.30831377764172e-13,8.98619297625063e-10
"4232",954.845069374794,2.60471597927282,0.365910098313743,7.11845885444641,1.0914050644152e-12,1.41336955841768e-09
"148823",124.556800048323,5.17487348936641,0.731011256991834,7.07906128649974,1.45134194381496e-12,1.72286383247034e-09
"7087",267.631049097102,-2.37895051275289,0.342543846309261,-6.94495183137835,3.78589478656952e-12,4.14846701805253e-09
"11262",1081.6419775952,-1.723109864085,0.248984543941543,-6.92054951205951,4.49895038690809e-12,4.57768201867898e-09
"65108",353.029637539042,-3.57846124236077,0.526838140601329,-6.79233519098738,1.10332827981114e-11,1.04779408972731e-08
"84034",790.475727557773,-4.37773970126583,0.648703108229287,-6.74844878301168,1.49434130120273e-11,1.33043073972705e-08
"50486",948.261103223368,3.33144474384211,0.498163835646528,6.68744799493219,2.27095872126426e-11,1.90292982261231e-08
"3290",100.404259062232,4.38561020752286,0.656654447432042,6.67871850205771,2.41040643655681e-11,1.90756887159732e-08
"4693",856.633714114358,1.8359602684574,0.275938423754775,6.65351437278994,2.86175854086229e-11,2.14556581129386e-08
"132671",96.9934599804855,-9.18473210432327,1.39836693905384,-6.56818453569693,5.09323984526477e-11,3.62766007978984e-08
"5919",119.874443698974,4.37884182386031,0.673832169122032,6.49841611089258,8.1170035761055e-11,5.50603409245823e-08
"3929",98.7401866763691,6.80160379093834,1.05162741702924,6.46769348230985,9.95100868187815e-11,6.16313559449366e-08
"3082",376.458391931877,2.55354901103899,0.394735290305266,6.46901625913462,9.86429831373396e-11,6.16313559449366e-08
"6289",466.947699133867,5.96369913157598,0.942590626022291,6.32692387016689,2.50096664127974e-10,1.48442790854291e-07
"1009",806.425307212446,5.04943653212511,0.814553650031589,6.19902265729125,5.68148534789824e-10,3.23731035123242e-07
"170959",179.258788205037,4.42175341275423,0.718061526678486,6.15790325546029,7.37143612213054e-10,4.03869644460575e-07
"10659",1015.75334818568,5.0143733915213,0.816544499068619,6.14096769648302,8.20202642365263e-10,4.32732838536784e-07
"60598",46.4660097074739,5.27703468385369,0.87288084917857,6.04553839028509,1.48911885690238e-09,7.24849665290544e-07
"114794",196.73932352178,-4.13300498973235,0.684098326675115,-6.04153647008576,1.52653492163681e-09,7.24849665290544e-07
"1244",1214.8146385444,-1.56617749785722,0.258801333706847,-6.05165929952774,1.43361421272426e-09,7.24849665290544e-07
"8653",469.386074232686,3.79941530875064,0.632590368026713,6.00612260443112,1.9001252800051e-09,8.7313821334428e-07
"3676",113.171113798427,-3.76321833710287,0.629087020807246,-5.98203144021934,2.2037172089712e-09,9.80998488806087e-07
"654433",2889.81934222552,-1.64383163177952,0.275708481458233,-5.96220915325212,2.48850333015894e-09,1.07420393751861e-06
"57586",804.378938904597,3.82632218259837,0.643779286810621,5.94353105325047,2.78946878460278e-09,1.13531379533333e-06
"5754",451.547677368883,-2.95821367469851,0.497379562129499,-5.94759797132215,2.72105906227679e-09,1.13531379533333e-06
"8325",672.777213171491,2.37609427869293,0.402308085044548,5.90615592135022,3.50182559557257e-09,1.38565293358142e-06
"317762",246.18352633048,-2.06335698561585,0.355517896176982,-5.80380624380351,6.48261843357692e-09,2.49580809692711e-06
"7068",93.970375782663,-5.2415073172639,0.904818769660589,-5.79288084312184,6.91891979915426e-09,2.59368454049875e-06
"8862",1336.65818875962,1.48015060163206,0.25656051507366,5.76920654063663,7.96456412793711e-09,2.90910810262728e-06
"3782",308.893380755254,-3.13572414872536,0.546606207066329,-5.73671522238102,9.65303621680795e-09,3.34085572941751e-06
"81606",331.591012989556,-2.53532170352128,0.442210733749821,-5.73328847543449,9.85018888280346e-09,3.34085572941751e-06
"51334",388.586633505518,1.90430601817078,0.331730866482415,5.7405150095423,9.43890542078081e-09,3.34085572941751e-06
"339400",50.9346198739896,-6.17667120557846,1.08132074409954,-5.71215454737443,1.11554706753024e-08,3.5975669178046e-06
"55552",218.194937102808,2.16083911872522,0.378103683703522,5.71493802324227,1.09744014204513e-08,3.5975669178046e-06
"56937",610.163888103695,-2.02709017380069,0.355069718886995,-5.7089919696752,1.136472525807e-08,3.5975669178046e-06
"8839",150.434900265359,3.36854049734786,0.590757556670845,5.70206924873028,1.18361722238158e-08,3.66535376800557e-06
"715",4402.08403093679,1.51105554883847,0.266500464301072,5.66999218106951,1.42804036650167e-08,4.32817766400346e-06
"3983",474.392905888939,3.76354027032189,0.665048675360903,5.65904483349211,1.52217790183403e-08,4.51738004408871e-06
"7111",241.858778858453,2.60570584044917,0.465411401677767,5.59871509605445,2.1594634928428e-08,6.27786886847872e-06
"10038",2979.68602787424,2.14826321426291,0.386597401091017,5.55684856701129,2.74688873427353e-08,7.82588600394528e-06
"7697",102.908892652947,3.54501739843522,0.639878036787467,5.54014545683288,3.02220514195261e-08,8.44143377394411e-06
"2770",566.951601133501,-1.68051350529372,0.30374787583351,-5.53259344014256,3.15530253738268e-08,8.64370858558005e-06
"716",2570.38508183339,1.26772199630847,0.229639026702862,5.5204989087017,3.38038493299102e-08,9.08558176801078e-06
"93099",1233.43068287233,1.64902679730674,0.300257807855544,5.49203635730297,3.97325568983906e-08,1.04813013521773e-05
"57134",273.811513196848,3.21022616083808,0.59023636452957,5.4388823762099,5.36158359867035e-08,1.38865015205562e-05
"5627",2815.50864497542,1.56336308117856,0.288153822644348,5.42544626627471,5.78099196601033e-08,1.47053983135388e-05
"1803",3564.24533843569,1.23210461821192,0.227391445223186,5.41842995457724,6.01246858792015e-08,1.50258973745478e-05
"83716",90.8442930275594,-2.76019942617421,0.510917027201431,-5.40244164750843,6.57398464672204e-08,1.61459329814751e-05
"7025",838.492753548786,1.45376611074481,0.269876678967438,5.38677931085781,7.17314207695297e-08,1.7318882862067e-05
"23037",74.4465947848136,3.77423781875281,0.704414869460316,5.35797579293637,8.41595127189837e-08,1.9980870978032e-05
"27177",1118.9350048879,-4.41770495765251,0.826140801185393,-5.34739956108419,8.92268961555503e-08,2.08366743563248e-05
"54510",154.427085058366,-3.86894867352955,0.72486092520905,-5.33750480813095,9.42344047073571e-08,2.1651114436392e-05
"171392",64.9480229759887,4.60799592836654,0.864759538358825,5.32864423457158,9.894860147558e-08,2.23733782225339e-05
"9086",498.919728254753,4.67767043275853,0.878700366577057,5.32339647356722,1.01847427138848e-07,2.26690093686389e-05
"22839",1725.47192860005,-1.27546922672803,0.240148353176205,-5.31117207284023,1.08922424068766e-07,2.38707681670702e-05
"55790",557.847309928553,1.46832401511242,0.276713113642642,5.30630440958671,1.11870076836762e-07,2.41452915839344e-05
"5999",298.69651528549,1.78815925338341,0.337812005094162,5.2933561460759,1.20091716222411e-07,2.55329327998245e-05
"169611",1196.21326327653,1.5297991018812,0.289176701127655,5.29018795745194,1.22190724086113e-07,2.55971597736277e-05
"6387",159.624897409441,5.18198185071567,0.981295750493142,5.28075439857098,1.28653052709782e-07,2.65603295050848e-05
"9956",124.895353483259,-4.01970878406016,0.762053644687784,-5.27483703028157,1.32874113161989e-07,2.70398820284647e-05
"5764",1813.11385818907,1.24457773918505,0.236684227059763,5.25838901326868,1.45322849741881e-07,2.91566759799028e-05
"85455",206.641825323308,-2.39902369536984,0.45663163912441,-5.25373953493447,1.49041617586005e-07,2.94874700348978e-05
"23641",60.9358414284175,-4.42728022725062,0.84645159900235,-5.23039974461472,1.6914388721535e-07,3.30062284025023e-05
"22801",770.420428874131,2.24537254502027,0.430146439382791,5.22001890389262,1.78904868445894e-07,3.44391871758345e-05
"114827",1178.36988846366,-1.649390534242,0.316589336031243,-5.20987394875243,1.88968971852215e-07,3.58915067204641e-05
"55511",150.360950096709,3.80873571057539,0.732951100935484,5.19643903353744,2.03142180642021e-07,3.80757942532314e-05
"5678",32.096336421451,7.12218637068897,1.3759914173869,5.17603982168326,2.26645102349411e-07,4.1929343934641e-05
"10581",517.604916290426,1.73660139311639,0.336749233442885,5.15695722707839,2.50995109355024e-07,4.58387863174656e-05
"84856",413.274609098803,4.15070265338257,0.809757069745989,5.12586158054118,2.96180153949362e-07,5.1824719543591e-05
"84632",242.712505629632,4.07958678261188,0.796094185334809,5.12450267539155,2.98324113904841e-07,5.1824719543591e-05
"55890",608.922362177206,3.67501855417343,0.716402487985629,5.1298238292092,2.90013464991354e-07,5.1824719543591e-05
"84969",310.079983414982,-1.63842435150686,0.319617016113285,-5.12621127445274,2.9563084950045e-07,5.1824719543591e-05
"5798",2858.67073758247,-1.57299316580033,0.307230199401342,-5.11991714637887,3.05669920422095e-07,5.24610604387078e-05
"9828",298.098854264324,-1.7487909427889,0.341851001893644,-5.11565253020081,3.12658166829897e-07,5.30216141249033e-05
"90338",53.4699744113883,-5.83673140048023,1.14150418252799,-5.11319317950648,3.16758065857384e-07,5.30849252722169e-05
"8777",501.800939291653,-2.24928562096858,0.440570569520278,-5.10539236294822,3.3010884789336e-07,5.46790760260571e-05
"3791",231.472339609501,-3.42263451875611,0.671748899460662,-5.09510997562347,3.48538867925947e-07,5.65171974523148e-05
"89795",390.289630625037,-2.53198641311726,0.497108304385539,-5.09343012534659,3.5164268644561e-07,5.65171974523148e-05
"9060",1257.20206140942,-2.28504156553941,0.448694738441843,-5.09264176681577,3.53108499351072e-07,5.65171974523148e-05
"7042",894.722799541753,-1.41993554889285,0.280108751549003,-5.06922950832702,3.99429348678588e-07,6.3220789688072e-05
"23266",376.241310328189,-4.22983162390677,0.835911823557408,-5.06014092001448,4.18946731248431e-07,6.55812767761967e-05
"8492",106.169411709245,-3.32496191643948,0.657523033631677,-5.05679914827443,4.26351855527077e-07,6.60150237172089e-05
"134829",41.266057907412,-6.3549092109932,1.26307070012635,-5.03131709915959,4.87121687051166e-07,7.46134240004717e-05
"132884",194.889889892449,-1.84433989399895,0.369873768246314,-4.9864036120851,6.15135727880375e-07,9.32192387622972e-05
"728392",384.727475962589,-1.6093733300876,0.324911974414842,-4.95325951893905,7.29805367289296e-07,0.000108292473510792
"501",638.730178856026,-1.39596138568856,0.281790492411485,-4.95389810260206,7.27413090589755e-07,0.000108292473510792
"7018",25.4622539852658,7.95469324318138,1.61875139919482,4.91409196442277,8.91948775300345e-07,0.000130987735094365
"91664",158.384231731949,3.90355240399318,0.797284803048753,4.89605770618768,9.77783641319131e-07,0.000142127836434602
"945",438.444937856342,3.27918759407511,0.672146151540445,4.87868239155988,1.06796877329418e-06,0.000153668840157329
"53834",224.602981019316,-2.67944406781783,0.550095347940172,-4.87087207308876,1.11106762139605e-06,0.000158271582667867
"6913",1442.06973197003,-1.59778334750153,0.328456734436218,-4.86451693628403,1.14736682971858e-06,0.000161824163260803
"7544",203.930952614635,4.15262549428619,0.856847713228564,4.84639852587023,1.25722845863199e-06,0.000175580582286399
"5099",446.733703241739,-4.32101597714433,0.892548463241363,-4.84121160373993,1.29049862583245e-06,0.000178477212863915
"56603",909.289887496425,1.68441789635668,0.349552233872412,4.81878738892998,1.44433365793244e-06,0.000197832047665842
"195828",1551.09147229824,1.17070550296214,0.243915771650487,4.79963019627807,1.5895887120065e-06,0.000215654201928882
"5920",227.864012137873,2.40010737244156,0.500724048322368,4.79327362143461,1.64081590388956e-06,0.000220503986329309
"7070",153.226992496731,3.51887697930683,0.734704183301796,4.7895153713333,1.6718459190844e-06,0.000222574253433246
"1525",260.199084469167,3.93568408163567,0.822785726593193,4.78336455583846,1.72385064795591e-06,0.00022737270814937
"6999",1473.79350648942,2.34484653956955,0.490998716543854,4.77566735016123,1.7911226491365e-06,0.000234078368228894
"5293",871.48906287365,-1.22149828918273,0.25604154276873,-4.77070351933495,1.83583589377752e-06,0.000237740748244188
"91661",153.423603731211,4.3404923911557,0.910781660161822,4.76567829701852,1.88219369097165e-06,0.000239391510070457
"8534",128.968102377846,-2.23045663049522,0.467860735596643,-4.76735160870213,1.8666338383327e-06,0.000239391510070457
"972",3817.85409774222,1.14845447146982,0.241090139205401,4.763589565525,1.90179138370523e-06,0.000239743524432575
"8287",82.2562683142044,3.79411494548629,0.797250932502986,4.75899718746591,1.94557146393437e-06,0.000241460738690767
"10085",3071.87337991138,1.271821525013,0.267267488877122,4.75860917598447,1.94931449276505e-06,0.000241460738690767
"27163",267.678536181131,-2.34611188484119,0.494888593293523,-4.74068692759239,2.12994838420881e-06,0.000261561333905642
"10437",3215.92598229352,1.42067988205794,0.299936705862268,4.73659893667807,2.1733466445437e-06,0.000264609597876282
"5063",50.4362585026541,-3.37039799643322,0.714087381662753,-4.71986774025505,2.35998037953331e-06,0.000282503533667663
"196385",123.204615863018,-2.95667592104787,0.626235123927368,-4.72135114764145,2.34283058615983e-06,0.000282503533667663
"9411",817.420291451846,1.49274743989252,0.31736826549262,4.7035182852182,2.55716182606457e-06,0.000303556418435748
"11098",5231.36561077527,1.05894506917805,0.225282611499413,4.70051843828527,2.59501822584309e-06,0.000305504418406073
"2015",385.914310130617,3.7974697077876,0.808264246779338,4.69830222346125,2.62333050201912e-06,0.000306306090174282
"285513",45.2680636697619,-3.93315534897118,0.840345833527755,-4.68040084456642,2.86314562174457e-06,0.00032891539823993
"3679",1408.71604595569,1.40772108565188,0.300684297826758,4.68172463885344,2.84471435302022e-06,0.00032891539823993
"3653",130.340503757829,-2.3705321080655,0.507226304379013,-4.67351966489139,2.96081341716557e-06,0.000334736405773997
"9435",1154.36893602577,-1.2771000307175,0.27320048972154,-4.67458909762273,2.94542744232933e-06,0.000334736405773997
"3911",489.325974170882,1.60279934875803,0.343450500380916,4.66675502577631,3.05993789235045e-06,0.000341328576490708
"79956",712.268284723443,1.29614931497252,0.277769409377031,4.66627811132793,3.06704512396003e-06,0.000341328576490708
"7644",29.4363022030202,4.41634139222471,0.949021509909484,4.65357354507795,3.26231168936396e-06,0.000360245193914648
"114804",128.779794374853,-2.15774020594742,0.464158002753354,-4.64871917137666,3.34002591573436e-06,0.000365989762843353
"8284",259.245221728563,3.96209496576675,0.854530976244115,4.63657266490348,3.54233701147004e-06,0.000385195349071685
"1757",328.610644180844,-1.59025574881422,0.344704671217348,-4.61338612905395,3.96161344887785e-06,0.000427524118024735
"8793",3022.1438290833,-1.81323682961648,0.393495340234615,-4.60802618027284,4.06509488676742e-06,0.000435393057609037
"10765",1080.00449582938,-1.34087598639628,0.291365172712634,-4.60204620172208,4.18360367659759e-06,0.000444742047560691
"151760",353.383840666975,-2.51513105554846,0.550503969289833,-4.56877914757463,4.90573374523575e-06,0.000513839538241788
"9358",633.48370913797,1.39612870562976,0.305515052569335,4.56975423596489,4.88296488582304e-06,0.000513839538241788
"7052",7063.17960438031,1.02235842739665,0.2239556029058,4.56500491227571,4.99482644309568e-06,0.000519352574320424
"51438",263.317798755053,-2.9678898920424,0.650468325589279,-4.56269702195521,5.05006656895715e-06,0.000521291291846338
"57447",136.342805219514,-1.98146823294496,0.434641306804389,-4.55885853904061,5.14323990566081e-06,0.000527089586015383
"51704",92.0060214250089,-3.24425844846199,0.712933762124087,-4.55057485115613,5.34995507231252e-06,0.000544357928607799
"7163",989.5164816265,2.52126748270566,0.554342267367205,4.54821439952644,5.41030024880426e-06,0.000546593808824232
"80183",135.552777224049,-2.11034598581448,0.464452619718853,-4.54372716659868,5.52681836461018e-06,0.000554433292985014
"10793",78.2577384157768,5.47488207192478,1.20728271606396,4.53487985794598,5.76362839576263e-06,0.000570158934011379
"8519",95.8558028874662,3.09567773399789,0.682427631204483,4.53627255469423,5.72571755907784e-06,0.000570158934011379
"219855",507.428852280605,-1.31048539249751,0.290740661696338,-4.50740321237296,6.56258501744901e-06,0.000644717403955594
"27122",628.728166708013,2.197465732553,0.488446085801949,4.49889106787522,6.8308846080746e-06,0.000666479118096046
"3005",1497.89007964219,-1.45829457528314,0.324444632765688,-4.49474094501761,6.96546932138848e-06,0.000674987146144074
"41",268.059477082212,-1.89657260864903,0.422147661363358,-4.49267586257355,7.03337944753819e-06,0.000676962771825551
"7169",841.754229346834,-1.32794275460892,0.29576280771891,-4.48989095299293,7.12596447910998e-06,0.00068127089936189
"85460",81.7845713660339,-2.97382395957893,0.662797196471825,-4.48677812068165,7.23083081004279e-06,0.000686687899260397
"56242",49.9358862536833,4.16920274262695,0.929620396194794,4.48484430816354,7.2967193490584e-06,0.000688356073690973
"90649",74.0464735392681,5.00327331957932,1.11848569855224,4.47325640913919,7.70373073547827e-06,0.000721971344255842
"1001",66.8705779795014,6.78567369828787,1.51816756744089,4.46964738531873,7.83486553587413e-06,0.000729461827179915
"23352",6297.63789898784,-1.2693075553779,0.285855015546986,-4.44038931046589,8.97962828459669e-06,0.000830615616325194
"6450",448.804989700697,-1.35588430776926,0.306292008809486,-4.42677010425245,9.56545843035966e-06,0.000873461252182522
"100506465",571.358342162532,1.28664068096336,0.290587269408116,4.42772556273393,9.52319618026418e-06,0.000873461252182522
"4082",3630.03448589364,-1.59611933446537,0.360970228685271,-4.42174785515904,9.79056700189357e-06,0.00088832246459856
"374654",1313.02159698395,-1.09923111930987,0.248920459890624,-4.4159934454278,1.00547130928774e-05,0.000906515113974931
"26577",910.84994562219,-1.13268276773098,0.256679933429377,-4.4128216514542,1.02032045313011e-05,0.000914117286467826
"340526",45.7793937500023,-4.09447763022696,0.930150215583585,-4.40195310566912,1.07280747589549e-05,0.00094920139715101
"56128",130.32813188444,2.44735974344907,0.555838761257866,4.40300301819666,1.0676268013585e-05,0.00094920139715101
"91807",41.3206552302823,3.71919447520765,0.846569872993492,4.39325163090967,1.1166774970089e-05,0.000981917959561225
"266812",254.809763566698,-1.48832306683058,0.339425992644289,-4.38482349343914,1.16079861848774e-05,0.00101066487281799
"1534",871.922349683502,-1.14632273497098,0.26146045621759,-4.38430633662248,1.16355941833731e-05,0.00101066487281799
"5802",1303.55100882501,-3.61922201184205,0.828027572415778,-4.37089552619961,1.23737991248125e-05,0.00106827132444214
"132160",295.722031285759,-1.48711051622195,0.341151699712544,-4.35908869126257,1.30605177261189e-05,0.00112076551209978
"51129",278.875155696671,-1.56081914010298,0.358508329974901,-4.35364818500104,1.33890517849045e-05,0.00114207809985608
"2294",284.98123821602,3.12892490600534,0.719357809460323,4.34960858818329,1.36380738439e-05,0.00115639501134735
"55016",59.8033406102668,-3.25696610558336,0.750300402085521,-4.34088279378548,1.41911409741145e-05,0.00119617043299563
"25999",781.691173370808,-1.28523362860356,0.296225391451013,-4.33870176458557,1.4332686457423e-05,0.00120099481521171
"3140",1012.6984972819,-1.31982447814011,0.304588850914845,-4.33313456541815,1.47001195020704e-05,0.00122458013045025
"29995",226.957301518715,1.76478739752971,0.409654662434117,4.30798806742139,1.64746270704104e-05,0.00136442478266277
"4627",40825.9169304621,-1.13450438409638,0.263746007366528,-4.30150353904602,1.69643064229501e-05,0.00139685864158915
"5672",287.380068828305,1.70149675993362,0.395680467259929,4.30017880770415,1.70660354584183e-05,0.00139715905232855
"8200",1132.43825982838,1.53034679186512,0.356139759597969,4.29703999798468,1.73093971157866e-05,0.00140898492522503
"79134",701.426266464663,-1.27492587878595,0.297005163140396,-4.2926051025695,1.76588913857811e-05,0.00142926652153666
"59",1023.48770759327,-2.02187310029061,0.471270634838919,-4.29025903763703,1.78464831286656e-05,0.00143628899529854
"9508",67.7595655567684,-2.64061402137114,0.615702195495377,-4.28878448167068,1.79653589254007e-05,0.00143773335894569
"51560",201.309956437302,2.47089186900305,0.577579996140279,4.27800804306758,1.88573209109813e-05,0.00150068456076497
"58491",163.12098875086,4.1334615555824,0.967184992240356,4.27370315787033,1.92252949769578e-05,0.00152146848303757
"10591",108.408751531887,-2.55773680100981,0.599479295429388,-4.26659739629169,1.98476867241921e-05,0.00154497430265638
"112755",102.721804501371,-2.31717599893473,0.543001103330637,-4.26735044316067,1.9780829551978e-05,0.00154497430265638
"51099",1767.19051120567,1.09910910016735,0.25746065654085,4.26903712176684,1.96318597763469e-05,0.00154497430265638
"27346",1545.81417960587,1.05999717464638,0.248999084893925,4.25703241077352,2.07158333145513e-05,0.00160378829111839
"9935",1137.36090116761,-2.32311971686351,0.546222057827074,-4.25306829626234,2.10861231927815e-05,0.00162363148584418
"5339",14669.1503627684,-1.09886121466938,0.258543221368926,-4.25020315307887,2.13576715416961e-05,0.0016356990919971
"7587",317.320885235231,-2.63430076949028,0.620321395883484,-4.24667081769511,2.1697037447568e-05,0.0016528037349765
"7079",1222.77926660239,1.23201599176837,0.29042086391554,4.24217452960496,2.2136443445147e-05,0.00167730657912829
"5669",59.410569689727,3.2894271908126,0.776715934576867,4.23504532915832,2.28505606890854e-05,0.00172225522230699
"100124700",85.5292916968303,5.0742455535662,1.19866726654057,4.23323944451306,2.30349024091501e-05,0.00172701149904391
"10840",81.8393679182963,6.67221639031879,1.57937343186312,4.22459708116519,2.39368649522215e-05,0.00176608609743271
"57692",70.6646249469676,6.46890860773839,1.53228480612618,4.22174035915207,2.42423261409225e-05,0.00176608609743271
"22829",135.524900158884,4.04841676585069,0.958680278866391,4.22290606690879,2.41172350849966e-05,0.00176608609743271
"4825",55.5521935547034,-3.44677117000097,0.816537215459027,-4.22120523687745,2.42999561317523e-05,0.00176608609743271
"2201",1845.03162823274,-1.80000174193569,0.426113678697098,-4.22422896030807,2.39760205203146e-05,0.00176608609743271
"4139",176.221163917402,-1.76500397127098,0.417898386065713,-4.22352425882171,2.40511469000035e-05,0.00176608609743271
"22943",506.148236723333,1.28113244904602,0.30404463180594,4.21363285198116,2.51295661037151e-05,0.00181710999567219
"285533",135.554460307123,-1.82536252291375,0.4348702553528,-4.19748764245297,2.69892379401991e-05,0.00194172572958654
"4045",318.517551413916,-2.16589622288327,0.516347731830122,-4.19464653249576,2.73297430374091e-05,0.00194656094783946
"64084",89.0874799575201,-2.06499565378019,0.492221250440181,-4.19525904648269,2.72559900493296e-05,0.00194656094783946
"7077",7071.35057490442,1.08603369797083,0.259283618645696,4.18859357040549,2.80688575953482e-05,0.00198925809176983
"115106",974.187052979775,1.44936454288315,0.346282444690757,4.18549818249518,2.84541345552773e-05,0.00200657993435607
"55659",56.7661361258969,-3.21529704386798,0.768579128029509,-4.18343008105279,2.8714343026281e-05,0.00201495476063731
"8792",39.0212016541818,-3.20452077724967,0.767019700395473,-4.17788588167609,2.94231207386671e-05,0.00205457036726624
"9672",222.729115376911,-3.09862098829102,0.743063571438366,-4.17006176509628,3.04517096843472e-05,0.00211543611334557
"126068",70.357690334467,2.30657367922031,0.553265753155442,4.1690158229842,3.05917753140883e-05,0.00211543611334557
"29887",42.183904054349,3.8702151302603,0.93011334840102,4.16101450098924,3.16836964564572e-05,0.00218035872474509
"5468",81.219288612381,-2.71527798988997,0.652797725160206,-4.15944768990057,3.19018069727225e-05,0.00218481365541554
"7576",70.5305438535974,4.76996346744328,1.14802300834593,4.15493716830277,3.25376942825812e-05,0.00218901712325126
"4256",69.5691403889292,3.12352276407592,0.751308752232054,4.15744226963454,3.21830567772232e-05,0.00218901712325126
"5187",552.88108781261,-1.20975084475849,0.291139840949186,-4.15522259273896,3.24971012314709e-05,0.00218901712325126
"51586",2048.92242192677,-1.00084879669761,0.240898168152769,-4.15465507426734,3.25778610129356e-05,0.00218901712325126
"199777",43.8826613025991,4.90713012167305,1.18385442133323,4.14504522958724,3.39746643029727e-05,0.00223027231795321
"100507421",91.5027854835387,2.79588672244924,0.674345586766453,4.14607402690327,3.38224517271282e-05,0.00223027231795321
"284266",967.002774920297,1.77679334255176,0.428330011975606,4.14818782918473,3.35117407615783e-05,0.00223027231795321
"928",3639.5437880981,1.5564735606892,0.37533399432953,4.14690271652473,3.37003167057699e-05,0.00223027231795321
"5111",4074.71145332947,1.05394678535088,0.254008863183793,4.1492520069596,3.33563436346394e-05,0.00223027231795321
"7404",114.368858516549,4.03269158087347,0.973999311411955,4.1403433592037,3.46786348142474e-05,0.00225569476223267
"162394",2484.75261040768,-1.49760926026173,0.361656124802962,-4.14097579870287,3.45831451624424e-05,0.00225569476223267
"284996",336.332897920644,-1.40939194066456,0.341030607456782,-4.13274324898585,3.58459077417971e-05,0.00232102252628136
"1471",2379.63428895745,1.26724410268689,0.306740602996456,4.13132167801577,3.60683432026858e-05,0.00232485768743104
"9638",485.896912848274,3.20212016649627,0.775802915020117,4.12749179527539,3.66741512631841e-05,0.00235325803938765
"57509",61.7229363782991,3.74300339630337,0.908238267917396,4.12116900214537,3.76954765016478e-05,0.00240794646980257
"2596",263.833267615098,1.4770037274303,0.358509958928498,4.11984016244547,3.79135315464397e-05,0.0024110636467814
"8644",782.208745131345,1.10448298354561,0.268169361200584,4.11860243318208,3.81177125016614e-05,0.00241327473149407
"5973",87.4983282952214,-3.24832637741596,0.789633594605974,-4.1137134990272,3.89344609880127e-05,0.00244326606508476
"26002",1816.08528750513,1.41805174855288,0.344643789009211,4.11454317116672,3.87946950692465e-05,0.00244326606508476
"7164",38.3110165946665,3.46204133538582,0.841855345751591,4.11239454955884,3.91576344260291e-05,0.00244649343157362
"90333",57.5302224363641,3.67130617957979,0.894450303134184,4.10453902996668,4.05121874003907e-05,0.00252007034724265
"81553",576.378965331119,2.2140993090924,0.539957032218274,4.10051018318317,4.12240294277834e-05,0.00254214848137998
"3119",493.655083588022,1.20011396438247,0.292636263353291,4.10104322215737,4.11291721071268e-05,0.00254214848137998
"642852",754.562061589859,-1.46974583446655,0.358667321153502,-4.09779689362202,4.17101010316591e-05,0.00256103616032752
"23208",2842.72155581642,-1.01932126982438,0.248860832649241,-4.09594896462103,4.2044255412949e-05,0.00257047389852987
"284344",38.9976542721717,3.88966942298847,0.951684478171284,4.0871418124447,4.36720191035053e-05,0.00265858082106595
"117581",51.5546717132036,-2.83704891258282,0.694400729838096,-4.08560761916868,4.39616178336738e-05,0.00266482232357737
"126070",289.490719736025,1.63813382600222,0.401212926531526,4.08295375765642,4.44668738127167e-05,0.00267821349444209
"834",242.650288583934,1.47519640284956,0.361348520985682,4.08247527574081,4.45585537509847e-05,0.00267821349444209
"84226",49.7045775292404,-3.26471897327346,0.80121003338269,-4.07473550910227,4.60666732569928e-05,0.00275722588464648
"2312",179.381790056027,-4.13915142244226,1.01747632522945,-4.06805673980555,4.74068391516913e-05,0.00282556662642612
"3339",1254.45479771349,-1.44939901322988,0.357005928409119,-4.05987379450154,4.90992474048033e-05,0.00289016024496456
"3720",962.82230259844,-1.48754300125202,0.366698190397185,-4.056586697744,4.9795083776871e-05,0.00291905748313386
"7425",683.623145681428,-2.55949454353966,0.632418315547877,-4.04715436067395,5.18440545107243e-05,0.00301436145512354
"57198",1008.67508184556,-1.13521153266437,0.281714906548625,-4.02964666148549,5.58607551393827e-05,0.0032347010445549
"8542",233.787062979176,1.67868254092838,0.417207525400843,4.02361520041026,5.73115302057609e-05,0.00330527428251443
"7099",270.47150284548,2.83251715539964,0.707365504233393,4.0043190379624,6.21963802280539e-05,0.00357252998527672
"9840",151.093190132772,3.74184472683013,0.935358838982885,4.00043766187,6.32254413760231e-05,0.00359258525125674
"9455",822.565037776417,-1.14145422952138,0.285529741431207,-3.99767191956917,6.39685286031032e-05,0.00361599876964764
"57596",1191.18408172084,-2.16150617743877,0.541390703081207,-3.99250701044001,6.5378399513716e-05,0.00366513946977355
"8309",215.538420369646,1.82582738015986,0.457409440333332,3.99166964903329,6.56097272581436e-05,0.00366513946977355
"7832",195.465193251531,-1.78691164034534,0.447575749561341,-3.99242282920077,6.54016203025378e-05,0.00366513946977355
"5125",82.419778998765,-2.45589768277614,0.615501291274861,-3.99007722256657,6.60517866858515e-05,0.0036754207083592
"1602",21.039998813542,-5.02025578690485,1.26107190394678,-3.98094333177431,6.86423137110197e-05,0.0037985363254434
"285598",64.2988386175975,-4.63584872703537,1.16466727771316,-3.98040609171911,6.879763930954e-05,0.0037985363254434
"23125",1482.89651813882,-1.02188515240021,0.256813742393391,-3.97909061593313,6.91793718509285e-05,0.00380486545180107
"51124",2543.669978684,1.23080206862706,0.309942062270817,3.971071430607,7.15501206426838e-05,0.00392012103290396
"59307",109.053767658562,-2.13587210265186,0.538549751841022,-3.96596989479695,7.30980891467775e-05,0.00398958727929443
"440465",473.508053491414,-1.23790325931999,0.312884890766456,-3.95641750641129,7.6082144493592e-05,0.00411088074788051
"7466",592.785573971556,-1.10383468879924,0.27902157432499,-3.95609082010823,7.61862069105269e-05,0.00411088074788051
"79993",1215.04121214345,1.03158646678337,0.260641750194251,3.9578711622929,7.56207254882461e-05,0.00411088074788051
"1609",345.71333483734,-1.52552740731674,0.385842285435701,-3.95375899661718,7.69329024935819e-05,0.00413550640007952
"57380",279.190154424712,2.0283280388859,0.513495670861837,3.95003921937961,7.81383885572901e-05,0.00415328860074103
"590",135.84593272396,-1.65450284813558,0.418736892385742,-3.9511752563981,7.77683463313658e-05,0.00415328860074103
"28231",920.420583706117,1.52232369846605,0.385386609757649,3.95012089139102,7.81117300299681e-05,0.00415328860074103
"283310",140.846191190162,-2.21224128798112,0.56083626987117,-3.94454033525559,7.99531956718426e-05,0.00420270580201254
"79625",146.083101493839,-2.18155255102916,0.553020020693327,-3.94479850529484,7.98671073313695e-05,0.00420270580201254
"966",23117.1388515086,1.10197397913852,0.279325859040922,3.94511980710343,7.97600897094222e-05,0.00420270580201254
"3484",258.286413217971,1.41399519248301,0.358559715686879,3.94354170482947,8.02870215431523e-05,0.00420473758044928
"367",50.4264963122372,3.44974498287449,0.87554066445902,3.94013107889857,8.14370995066861e-05,0.00421844175444634
"22859",393.86964604759,-1.18811387178403,0.301526251021612,-3.94033311447524,8.13685406041256e-05,0.00421844175444634
"27128",631.511180509298,-1.10811797900429,0.281213442475482,-3.94048723009002,8.1316279580668e-05,0.00421844175444634
"4833",1272.68473449086,1.16940248914417,0.29700728040484,3.93728560306738,8.24085037608174e-05,0.00425329397127842
"2894",33.8235447808891,4.59902702633381,1.16842393192104,3.93609451217968,8.28183677442608e-05,0.00425825505885104
"79673",222.769956811351,1.40135734396798,0.356101764704932,3.93527211281626,8.31024855289989e-05,0.00425825505885104
"90576",105.538504240084,4.47754390153994,1.14084455323669,3.92476248305406,8.68153526229589e-05,0.00441673106469304
"7772",42.6799546166158,-6.92729972269919,1.77051964276334,-3.91257998803526,9.13152773104092e-05,0.0046127167563361
"55214",428.657782324647,1.19173531731335,0.304568642414,3.91286282089876,9.12083525178122e-05,0.0046127167563361
"10172",46.9666988488682,6.26088668151464,1.60092563332908,3.91079170148291,9.19940837126282e-05,0.00463058559182469
"2531",2646.793206742,1.13866140093048,0.291228516580535,3.90985544375977,9.23513709378729e-05,0.00463220168665493
"57669",144.377409957336,-1.9065589045005,0.488328738906862,-3.90425291939275,9.45168977646348e-05,0.00468082496671725
"113157",309.588787143953,-1.8639813734627,0.477460298162916,-3.90395050779003,9.46351414822441e-05,0.00468082496671725
"26050",282.808537233199,-1.95955795762724,0.502775564973145,-3.89748049456602,9.71986482774248e-05,0.00477446463693764
"4938",220.176625058212,2.37773315735097,0.612878172735244,3.87961794550338,0.000104620662052002,0.00512137914409198
"55723",3513.88225170788,1.32861364399766,0.34318395956693,3.87143281892971,0.000108197478851619,0.0052783324871278
"84436",77.8148383749879,3.17235387346679,0.820723241008659,3.86531502332992,0.000110945906934169,0.00539394008285747
"27445",279.618137442743,-2.53031275814713,0.655253791278458,-3.86157667735163,0.000112657643478331,0.00544140306874728
"2196",625.463088131141,1.04487947756338,0.27058796842613,3.86151492115818,0.000112686128836816,0.00544140306874728
"387758",122.841438682521,-1.71919169242472,0.445324660975751,-3.86053556669824,0.000113138770216342,0.00544480331666147
"6590",49.7432435753122,2.90433387279552,0.753012334396365,3.85695391712769,0.000114808796436784,0.0055057743114205
"80034",77.0302101334282,-2.69985695403092,0.70014000884303,-3.85616722359917,0.000115178711463904,0.0055057743114205
"54811",261.468601547876,1.46139823014162,0.380371242299767,3.84203133051237,0.000122020255894408,0.00581330617129046
"25907",10494.7558077848,1.23128886201402,0.320607034938434,3.84049234057034,0.000122787803602292,0.00583037420771551
"388559",59.0102803786084,3.58699492497157,0.934497604620556,3.83842067356399,0.000123828205261198,0.00586024180712879
"64595",54.9912070319773,3.56548288376414,0.93150874961467,3.82764293436754,0.000129376255796389,0.00610253233052836
"2086",120.816031235092,2.40417210831407,0.628503832000954,3.82523062852291,0.000130649720227308,0.0061220567915724
"54894",191.909711318025,2.69289229459367,0.704706409209906,3.82129672640959,0.000132751809980958,0.00620016240386474
"644538",363.608908911614,1.48650872441194,0.389456512344603,3.81687987565767,0.000135149927796982,0.00629153830545103
"151507",128.893100221266,-1.66633988974348,0.436864231673353,-3.81431980219753,0.000136558536549639,0.00633640505911926
"145581",89.2892864872894,-3.9399240319722,1.03393785384228,-3.8106004314774,0.000138629678556649,0.00641162263324501
"1606",604.084119074328,-1.36660773913924,0.359106978647223,-3.80557276911558,0.000141476410089589,0.00652210829037605
"1621",82.7866090402161,-1.96774155828916,0.518357101956849,-3.79611189054947,0.000146983179384792,0.00675411416237535
"55384",59.2455095380893,-4.68184635630089,1.23411707766382,-3.79368087601834,0.000148430416960397,0.00679868581865225
"90589",37.2698099047816,5.67690741944908,1.49708759469638,3.7919674436955,0.000149458510932139,0.00682383489816771
"2150",389.730131204355,1.22926900123561,0.324555449888381,3.78754694046387,0.000152141948269677,0.00692415991406244
"339324",31.4027022071874,3.43821385753779,0.909415137482898,3.78068685666941,0.000156396287040948,0.00705566096079081
"3400",75.7936790991402,-3.01243432145302,0.796556073167176,-3.78182330526377,0.000155683856045466,0.00705566096079081
"54808",781.074051955574,1.19285979771748,0.315530112981923,3.78049431302875,0.000156517294742709,0.00705566096079081
"79750",579.648118869193,1.10827486858768,0.293307468563316,3.77854295363241,0.00015774864549602,0.00708873645139053
"388697",141.328694758485,-4.21537286468812,1.11655514497572,-3.77533781798103,0.000159790961948959,0.00715793161309095
"5317",24.5854501734036,-4.2080430353787,1.11567875220309,-3.77173359900351,0.000162117288226385,0.00723937545700582
"390928",667.269703009772,1.07448762349973,0.285138416760976,3.76830185039724,0.000164361879663607,0.00731667179940025
"4502",30736.2820865362,1.19435286573996,0.317293562331325,3.76418877510282,0.000167090626140151,0.00741497186718521
"414194",64.7368109527675,5.09183513579558,1.35621107277162,3.75445624801577,0.00017371818451425,0.00768514142361956
"4128",293.125825908721,-1.32598419451805,0.353645787983091,-3.74946977901361,0.00017720884961683,0.00781529431204872
"10501",394.868247516291,2.09627670681709,0.559260691246067,3.74829974577054,0.000178037404957095,0.00782760133831424
"55190",61.477380932384,-2.75167853346273,0.739325980577817,-3.7218745259191,0.000197749286777042,0.00858822740896027
"8082",248.372094086025,-2.10843955884258,0.566250541166018,-3.72351001113554,0.000196472066541858,0.00858822740896027
"112616",315.112812824767,2.05801201162677,0.552773375981358,3.72306645191279,0.000196817692703089,0.00858822740896027
"146206",117.545622706446,-1.88034606603904,0.505178707612891,-3.72214037864778,0.000197541141406865,0.00858822740896027
"441666",12.9946824421934,7.13159810005627,1.91751263132689,3.71919224079443,0.000199860900678916,0.00865355176343819
"387856",73.6932562378295,-2.10865045225459,0.567212773903971,-3.71756517001782,0.000201152106557526,0.00868306593306654
"27330",61.4760502716408,4.76526166489304,1.28331117241766,3.71325502911009,0.000204610514428725,0.00880567002428155
"83690",146.851588532569,-1.95251413828639,0.52637950872499,-3.7093277871242,0.000207810248078516,0.00891643669842908
"7562",29.9199239049118,5.45953259351942,1.47462612379469,3.70231647562996,0.000213639892136023,0.00908447839844075
"10391",874.531296616519,1.39218338690463,0.376842903692845,3.69433356250584,0.00022046424155538,0.00932592614020176
"114991",569.255512938943,1.35218310414726,0.366034060253926,3.69414557543967,0.000220627385696595,0.00932592614020176
"10224",53.4560911293304,3.71519906748248,1.00951608365215,3.68017818402844,0.000233071034660152,0.00979379613195831
"6456",121.355598772621,3.19557103946603,0.869204539066228,3.67643160595892,0.000236519228995627,0.00983895354544087
"205860",74.3543371862799,-2.90701902103199,0.790645615570547,-3.67676613109936,0.000236209410570746,0.00983895354544087
"9201",222.149300657558,-2.4551431189301,0.667882252995457,-3.67601191365508,0.000236908463747716,0.00983895354544087
"4494",604.093426928555,1.73484672038297,0.4716849281837,3.67797785497045,0.000235090364793619,0.00983895354544087
"9134",1349.28069937446,1.05468839267271,0.287415348143995,3.66956183614911,0.000242966562473216,0.0100320541519738
"91133",90.2204207614567,3.83973107017938,1.04695731216395,3.66751444931702,0.00024491971415294,0.0100834720465567
"2318",18638.8338167395,-1.10178075457217,0.30091610994608,-3.66142163265899,0.000250819585932901,0.0102966138375048
"10964",530.182799994205,1.18257540420628,0.323312191480164,3.65768886967205,0.000254499713841333,0.0104176678841086
"148534",239.906335767381,1.458795214707,0.399068660745854,3.6554993117739,0.000256681897111626,0.0104768871758026
"9252",199.327059858703,1.33199581659346,0.364812933555543,3.6511748736854,0.0002610434135359,0.0106244669309112
"183",20.0689672185742,5.44521720945208,1.49495726112279,3.64238988702758,0.00027011853544408,0.0109625029555582
"9509",42.8861301555351,4.1614878674312,1.14515210504804,3.63400446900161,0.000279056024391791,0.0112930484871053
"1627",2052.9408945987,-1.18935008310593,0.328639957689083,-3.61900631764059,0.000295736419464209,0.0119341793067072
"3604",621.821743490548,-1.246255755521,0.344472169645184,-3.61787065934725,0.000297036763023105,0.0119527929075258
"5028",55.2716174146214,-2.36841280014938,0.655589751276472,-3.61264463872099,0.000303089943552096,0.0120938830417356
"10570",211.132364673286,-2.43042086844025,0.674103023746128,-3.60541457733553,0.000311654996283619,0.012400909000168
"6926",1742.65227035876,1.77711942810591,0.493308458497383,3.60245075367045,0.000315231133395753,0.0125082660034053
"100506243",31.4150497068677,-5.7600449832443,1.60078495389447,-3.59826282051875,0.000320349807810595,0.0126580525557693
"6690",370.162877101931,3.11053315526325,0.865799188661892,3.59267275367933,0.000327303525223743,0.0127794782981885
"4854",384.568290786569,-2.2366827938074,0.622911209556987,-3.59069279777148,0.000329800170309952,0.0127794782981885
"158158",170.997103207736,1.53759974208905,0.42841875637751,3.58901126339614,0.00033193450125165,0.0127794782981885
"246126",72.6596943950253,3.34038382543177,0.931746627952664,3.58507745047774,0.00033697818709232,0.0129386907685447
"1806",429.723177519101,1.17856097844217,0.329319844178994,3.5787730356194,0.00034521109640838,0.0132137570772646
"2050",458.753471070471,-1.04185602100795,0.291169391346715,-3.57817837990857,0.000345997289562632,0.0132137570772646
"57761",220.590526045796,-1.37347198313665,0.384006717385909,-3.57668738840414,0.000347975897106643,0.0132537878456795
"114788",54.3965651891461,-3.40493704223558,0.955948593868645,-3.56184115346211,0.000368263181659073,0.0139518856987593
"284612",68.4331845688465,-3.58724686403282,1.00879209705393,-3.5559823223328,0.000376569399318286,0.0141910875483835
"134",368.971743372421,1.62324194711268,0.456600610261603,3.55505864563489,0.000377894791261075,0.0142034598984539
"57717",278.003799901688,1.2356981405359,0.348731759616035,3.54340580248969,0.000394994390833591,0.0147979412725465
"5175",67.8106123244366,2.28952118143534,0.646848411732794,3.53950189860111,0.000400882886836016,0.0149101219921124
"7373",36.7213164040448,2.79216702343995,0.790198342278286,3.53350149456101,0.000410093771228079,0.0151102106878843
"400043",273.874229626971,2.58250348541715,0.731038205641791,3.53265187166233,0.000411413843083147,0.0151102106878843
"9881",189.674143835674,1.87386759676314,0.530408405411916,3.53287688815544,0.000411063845737427,0.0151102106878843
"217",351.128784798031,-1.18210123458017,0.334630768896746,-3.53255392048218,0.000411566286198603,0.0151102106878843
"1116",3206.83214221027,1.76306119859658,0.499342003853494,3.53076886180371,0.000414353662184627,0.0151734393774293
"5172",125.858834321409,1.55666200417783,0.441155327205419,3.52860298443814,0.000417759361635119,0.0152589284781853
"195827",481.292133190287,1.57300600152721,0.445977307849094,3.52709874211688,0.000420140047153391,0.0153066367562661
"83463",530.249903001716,1.05197958948558,0.298425230243366,3.52510271543625,0.000423318616467855,0.0153640550367499
"1265",2190.23156315958,-1.30549311363435,0.370671186468476,-3.52197084988525,0.000428351241443685,0.0154160750480794
"26136",227.251741108077,1.29512959617855,0.367741815849018,3.52184478446771,0.00042855498203155,0.0154160750480794
"2044",60.700172419956,-3.65992302567587,1.04170583392676,-3.51339399903291,0.00044242090250804,0.015795202396559
"23555",160.985577652443,-1.80271157746517,0.513034331261894,-3.5138225019583,0.000441707860661703,0.015795202396559
"441094",353.644982332318,1.16196461237884,0.330790056961505,3.51269510048803,0.000443586196562415,0.015797213425079
"118788",52.4564824926144,4.92326119274279,1.40220125431018,3.51109455765306,0.000446265629909164,0.0158530022395413
"79802",676.311020163236,-1.57149284100806,0.447938505224151,-3.50827808433587,0.00045101733793034,0.0159819452209395
"4776",451.966754000235,-1.32037242404271,0.376944288618352,-3.50283175501183,0.0004603401293694,0.0162315473833344
"1397",178.516362297797,-1.32356429539623,0.37827991721466,-3.49890183211907,0.000467178550130665,0.0164319961644724
"51234",2492.58595442292,-1.18867010035456,0.340833962289947,-3.48753420101768,0.000487496569117413,0.0170459889379373
"4909",22.2371215523547,-4.316412735799,1.23887239442293,-3.4841463537571,0.000493709437785895,0.0171116567913871
"688",832.8282175906,-1.18050370093237,0.338781750513894,-3.48455517199989,0.00049295582058524,0.0171116567913871
"57407",137.646033936968,-2.23312012718984,0.641472913564127,-3.48123838118474,0.000499101084829856,0.0172565411490323
"4982",128.426107713994,1.50867984562816,0.433749657173935,3.47822717707228,0.000504741953382048,0.0174093199174995
"6288",2328.65922893551,2.90311197325798,0.835142726133045,3.47618662345326,0.000508598233773942,0.0174999561355309
"221409",39.4825289134137,4.58462978972751,1.31969697076083,3.47400190445568,0.000512757394363257,0.0176005520065171
"6591",5301.6421565117,-1.02787957527298,0.295949697794028,-3.47315636047162,0.000514375592340834,0.0176136545983057
"29906",314.416511190972,2.42804308574593,0.699687615037098,3.47018159756507,0.000520106589799781,0.0177671903398031
"4130",12543.7448900769,-1.01859199925964,0.293889815012965,-3.46589758210815,0.000528464545144431,0.0180095154200537
"6398",106.376436436013,-2.07085168082539,0.598458788589442,-3.46030791143757,0.000539558033390455,0.0182565420086628
"4071",5142.83659863152,1.14072928283892,0.32961903340675,3.46075064612929,0.000538671513757446,0.0182565420086628
"56998",268.611991771821,1.40721009257662,0.407384832842329,3.45425253748034,0.000551820382503028,0.0185831710372474
"5143",123.022143833412,-2.33253130601747,0.676159243740175,-3.44967746520047,0.000561256690096219,0.0188120036480486
"80728",227.198086771383,-1.19695328112193,0.347916302232976,-3.44034836378667,0.000580965880512066,0.0194268989856676
"2690",62.9293680480995,-2.16437512046679,0.629330181144323,-3.43917260813913,0.000583495071527967,0.019429720204322
"122773",31.6060736808554,-3.38568842843267,0.98566231560619,-3.43493747790332,0.000592690554692795,0.0195147440292201
"23562",52.6377259352577,-2.74106768319656,0.798048617987833,-3.43471264959743,0.000593182461541052,0.0195147440292201
"114041",38.1914419889908,-2.72812706707377,0.794107757468008,-3.43546205337715,0.000591544300536622,0.0195147440292201
"23220",319.001199365251,-1.19158831902246,0.347170632292666,-3.43228432414742,0.000598519722284992,0.0196449618524187
"8988",82.4561259011893,-1.80614426264508,0.526412053835897,-3.43104655276022,0.0006012574089138,0.0196894523907519
"23135",348.959421760225,-1.07773680126926,0.314590895126822,-3.42583596017549,0.000612910424052978,0.0198429749787152
"3702",469.617131529021,1.28620834364749,0.375557509259487,3.42479729984255,0.000615258272002123,0.0198738187861003
"400720",70.9625474730342,-2.54570125554517,0.744715553649842,-3.41835381719735,0.000630011501015621,0.0202823021993707
"2730",1290.52287952582,1.10130374451673,0.322261705796268,3.4174204527204,0.000632175652967399,0.0202823021993707
"5366",1094.34404580475,1.01761160422055,0.297745529038745,3.41772253476268,0.000631474472600643,0.0202823021993707
"64582",151.551038967873,-2.11782701330224,0.620475784532766,-3.41323072728295,0.000641975653962883,0.0205504341364073
"6553",485.90481779394,-1.00847276122078,0.296034776264216,-3.40660233891136,0.000657768857530988,0.0208220386122865
"134147",920.78390557041,-1.11743918646217,0.328381622486151,-3.40286760873561,0.000666825835755773,0.0210153407750907
"9762",160.611835189893,-1.34472122744037,0.396134202984596,-3.39461025407256,0.000687263613085579,0.0215640312079385
"151742",177.154723053122,1.4042518870212,0.414075415916986,3.3912949985486,0.000695631820386067,0.0217786269920869
"3162",4558.44904018515,1.72015901013103,0.507515444255332,3.38937273653808,0.000700527172948659,0.021883792935644
"389033",32.0296167742503,4.76447263872018,1.40693175499712,3.38642767980593,0.000708089370909268,0.0220716260144475
"442213",293.159134988562,-2.04461231689112,0.604141733002806,-3.38432557328667,0.000713533394112513,0.0220962678242016
"79717",79.2525652571554,-2.74031187326819,0.810662959601335,-3.38033438041355,0.000723976927492725,0.0223226219310257
"288",239.213611262567,-1.40358359134594,0.415307851637387,-3.37962209433843,0.000725855593673571,0.0223322093561123
"129303",115.534393578669,-1.54174435289692,0.456372951350139,-3.37825532458881,0.00072947315974866,0.02239514043237
"1191",4279.41854521316,1.0432890460425,0.309186663682551,3.37430157438377,0.000740032461594744,0.0226218077584059
"284293",106.006435673185,1.92892909174483,0.572327110133207,3.37032626550903,0.000750792322399701,0.0228526423773157
"7102",111.69048663463,-3.27748253623012,0.973050880819202,-3.36825401511465,0.000756458659628507,0.0229760204827464
"1299",38.5878203759213,-5.36343142056754,1.59475037803153,-3.36317927523419,0.000770503091504169,0.0233528011456955
"2519",3930.1975329355,-1.19418574572358,0.355158297309274,-3.36240418644555,0.000772669351944699,0.0233687365572234
"64127",57.0028753528604,3.76095795946656,1.12221439643236,3.35137204746531,0.000804121894468146,0.0241660683263687
"90075",28.0652356953952,3.2116155477175,0.959047251618858,3.34875632279467,0.000811751552293351,0.0243440018156185
"9920",84.1777461022823,-4.01694029325991,1.20171706606731,-3.34266726061034,0.000829773314783142,0.0247282863369997
"10566",59.6465208605293,-2.20024963351123,0.65817902843285,-3.34293488315802,0.000828973498514404,0.0247282863369997
"8706",749.913375732081,1.20976706095561,0.362216632060033,3.33989925883664,0.00083808785602581,0.02492392799392
"6347",1431.88519377404,1.61693481926532,0.484417804046138,3.33789304554817,0.000844162363306137,0.0250522768026998
"135293",1419.2060716789,1.11152275692569,0.333163021276796,3.33627289326995,0.00084909771436202,0.0251463553868752
"65988",67.7068120691348,-1.83342557288929,0.549659672800409,-3.3355650116159,0.000851262471447817,0.0251581616302368
"23428",833.627289625206,-2.64956750900852,0.795569429850238,-3.33040387123383,0.00086720101122806,0.025576145765929
"9886",271.271022904757,-1.48216902407676,0.445221595778008,-3.32905914297963,0.000871398979581154,0.0256468563308544
"3655",100.426647536977,-1.96605033718992,0.591132964709587,-3.32590204668387,0.000881328947687742,0.025653628598282
"55026",770.006246944865,-1.72160874772895,0.517699871216943,-3.32549580064992,0.000882614297645734,0.025653628598282
"56521",124.766651274589,1.57682523743279,0.473787986359987,3.32812414588054,0.000874328946913303,0.025653628598282
"794",499.555671401581,-1.32615407968425,0.398845220950599,-3.32498425460263,0.00088423528548659,0.025653628598282
"50509",327.007283587196,1.05131013383117,0.315937769196286,3.32758611452375,0.000876019094285357,0.025653628598282
"3856",107.516848976751,2.1299320888969,0.641629153043846,3.31956875524224,0.000901566006340578,0.026031861158755
"1509",24346.54914347,1.21375972119675,0.365678295146976,3.31920088587404,0.000902754609506843,0.026031861158755
"8671",220.988132143715,-2.61937643456077,0.789295531325136,-3.31862569925252,0.000904615975477376,0.0260328375165156
"51710",25.6452536282969,5.39349832268832,1.62656057975741,3.31589145206798,0.000913513036137879,0.0262358733866615
"91156",92.962830433168,-1.69439056185187,0.51119813341334,-3.31454763055997,0.000917915400718491,0.0262564355085038
"1437",163.24005556438,3.48817834563861,1.05271316690504,3.31351260276701,0.000921319549250542,0.026300995950048
"58480",43.9957630139219,-3.71758688561072,1.12260851266788,-3.31156128219256,0.000927769170267009,0.0263793848911248
"29116",100.788128970042,1.80840190239389,0.546021703075266,3.31195974850219,0.00092644874638276,0.0263793848911248
"283174",134.494158880214,-1.54361228616165,0.466544808198229,-3.30860457353068,0.000937621616467257,0.0266064141963667
"8091",8618.41026177589,1.05442516886413,0.318789383181964,3.30759185999074,0.000941018440363256,0.0266497170635678
"23215",5038.19580234185,-1.49177696614628,0.451199709826968,-3.30624540232611,0.000945552358298449,0.0267249867935742
"389432",22.1187913199131,-3.44946673484442,1.04463660902846,-3.30207337655197,0.000959729603071307,0.0270184746951596
"7556",39.2669909585998,-2.8402450226121,0.860499074344052,-3.30069503535165,0.000964456536269242,0.0270448503106614
"2678",405.387816418809,-1.20612684750558,0.365416248806834,-3.30069298079617,0.000964463598302281,0.0270448503106614
"151354",51.9479780606343,-2.12606637179604,0.645674122869677,-3.2927854725644,0.000992001342776255,0.0276537360623244
"9324",315.32473530814,-1.47320141377146,0.448506005642981,-3.28468603594163,0.00102096071332625,0.0283500689304725
"9245",378.289351690436,1.59219625909318,0.48501965840294,3.28274582588245,0.00102801310319921,0.0284350420486851
"23598",459.220922112565,-1.02079417348602,0.311067188004303,-3.28158742821791,0.00103224518200345,0.0284967686388356
"23090",14.9690634397603,4.7637379252208,1.45361145310611,3.27717418230404,0.00104851664867476,0.0288899800007194
"51015",775.095609870337,1.05673519630067,0.322554831239574,3.27614127570079,0.00105235905261016,0.0289398739467793
"59283",27.6138710769022,4.56543486185101,1.39379384488331,3.27554528857403,0.00105458204287184,0.0289451275543533
"2766",43.0083863957779,4.33830837557702,1.32485493587583,3.2745535062743,0.00105829095421651,0.0289910666207965
"57452",55.6646283327466,2.04511820360783,0.624708002507198,3.27371859396705,0.00106142257969014,0.0290210453890328
"6622",70.9705548704506,-3.62726408001234,1.10896969142677,-3.27084149193077,0.00107227993202466,0.0292617387580294
"56133",104.922906670154,2.07415212794177,0.635246433811106,3.26511416285815,0.00109419965683115,0.029745942960992
"29767",739.533070797098,-1.26748525974837,0.388495544096548,-3.26254774091663,0.00110415573287344,0.0299024684691675
"79931",170.169144674503,-2.0766490731372,0.636740135852511,-3.26137611909267,0.00110872866967472,0.0299693356727067
"7275",194.715533306358,-1.57277361333818,0.482371131285221,-3.26050526520463,0.00111213902355709,0.0300045840730508
"9120",253.405559124811,-1.68494064869567,0.517244482259326,-3.25753237876186,0.00112385436216643,0.0302633372193966
"162282",36.6838472790848,-2.65786755791396,0.816242280479522,-3.25622382162381,0.00112904710603339,0.0303458038215955
"126638",35.8946834830547,-4.51449748541571,1.38857186863548,-3.25118028629805,0.0011492695454225,0.0306579488287332
"2911",35.5127907964133,2.58283825574296,0.794887504295843,3.24931294275533,0.00115684134408915,0.0308022522365421
"645961",28.488746124285,5.49346664661748,1.69337447685327,3.24409439359554,0.0011782469280941,0.0312183297886235
"64919",213.916080568354,-1.54637230132345,0.476856676459069,-3.242845025902,0.00118342562905277,0.0312183297886235
"486",35.6913784903983,3.76626008581728,1.16225604758378,3.24047364059492,0.00119331304507738,0.0314209691813814
"79891",33.651195058788,4.55069401770919,1.40491590480889,3.23912200163199,0.00119898275292869,0.0315120098071387
"9699",32.1214919412055,-2.86344118910379,0.884497681293842,-3.23736426862663,0.001206393125815,0.0315902023478579
"285195",100.150781642891,-1.50914117855584,0.466247511217897,-3.23678119935433,0.00120886059952745,0.0315967325509514
"79888",1796.24558917116,1.3246466437888,0.40983097797572,3.23217793425873,0.00122850532937925,0.0319344131697215
"100507588",53.5785408878343,-2.22918469914362,0.690109790355243,-3.23018848638,0.00123708632688577,0.0320405358663414
"79088",47.7488229692826,2.35949610228637,0.732243114490618,3.22228513398551,0.00127172509285799,0.0328183404850761
"1778",23238.4533428761,-1.23515755871941,0.383667917158016,-3.21934022492349,0.0012848594055238,0.0330973277245688
"11093",47.2607189309131,-2.31799119054664,0.720268564732041,-3.2182317874847,0.00128983539399936,0.03316553282946
"84798",1786.23824811683,1.01317081321662,0.315569588728566,3.21060979702987,0.00132453656913067,0.033813662056033
"125113",60.0508315103085,3.09768294921552,0.965246568073908,3.20921415488352,0.00133098316270978,0.0338795956272559
"387597",108.980827741235,2.07561772176287,0.646807076745018,3.20902135488093,0.00133187599517468,0.0338795956272559
"3299",125.155514298332,-1.67204423286096,0.521551950647856,-3.20590159960863,0.0013464002164597,0.0341880054963787
"23180",1498.33668192702,1.67780009621241,0.524036437480102,3.20168594435977,0.00136625864553464,0.034385785168977
"57161",197.869046756816,1.17715903488533,0.367563400769167,3.20260132652487,0.00136192378826625,0.034385785168977
"4013",617.905288290086,1.57465685520254,0.491929920649242,3.20097800337969,0.00136961987347542,0.0344095857101539
"9687",584.259418648801,-1.13417266158702,0.354593833862067,-3.19851208136971,0.0013813874485846,0.0345506969447583
"283867",233.490696824127,9.31548300793284,2.91386940064855,3.19694595984963,0.00138890944526041,0.0346497636562777
"55544",44.270983571837,-2.17034812997499,0.679416073318997,-3.19443153496897,0.00140106513279051,0.0348074081570289
"204801",135.604069090352,1.84876770343503,0.578802747454106,3.19412392488967,0.0014025589527648,0.0348074081570289
"27295",27.5529756067765,-5.02345473234148,1.57330802268224,-3.19292513603109,0.00140839455094528,0.0348308687121798
"129607",99.3090360725372,1.84745611856031,0.579714309003094,3.18683891335595,0.00143836860254977,0.0354253637349786
"11269",110.143660341032,-1.6079838972316,0.504618721943013,-3.18653238040817,0.00143989368919288,0.0354253637349786
"100130967",51.5440423194471,-1.97902144376953,0.621155541577564,-3.18603201823389,0.00144238633270992,0.0354255057059532
"55701",2623.00972878417,-1.04527898434245,0.328220896326627,-3.18468140219277,0.00144913453910952,0.0354689373017443
"80031",66.2598638724863,-2.77113693871457,0.870597243770781,-3.18302976323709,0.0014574263209158,0.0355497225024753
"339768",78.4686945314677,-2.02520573413518,0.637199657856954,-3.17829068042253,0.00148146144711786,0.0359513088827836
"83694",24.3837073906322,-2.8024449172294,0.882153847701487,-3.17682105511568,0.00148898878597243,0.0360112822685523
"56126",98.8485715352739,1.81841814153051,0.572346181062291,3.17712985898757,0.00148740419151353,0.0360112822685523
"22861",193.451881948503,-1.42725937422236,0.450590875763965,-3.16752835219418,0.0015374071817348,0.0369333488987238
"85462",66.883361647477,-2.00938362382099,0.636486642407746,-3.15699260587741,0.00159405388373928,0.0380379879430317
"9906",120.517227598301,-1.63450309868237,0.51774346213543,-3.15697486925451,0.00159415084605054,0.0380379879430317
"284615",236.001458403169,-1.09245895931834,0.346104502848378,-3.15644249158157,0.00159706376908351,0.0380437682116968
"23474",1086.03799773166,1.02616497232248,0.325253663549527,3.15496822118416,0.00160515588149646,0.0381090758865285
"3667",3190.82851350865,-1.1006232799616,0.34893248703843,-3.15425854813106,0.00160906464235287,0.038138312529645
"284217",530.342020079025,-1.38144790450599,0.438035699757536,-3.15373360041352,0.0016119616020415,0.0381435100017959
"54856",898.465381764354,-1.05593410586169,0.335040089242469,-3.15166494925779,0.00162342438979095,0.0383510454934861
"81558",108.11454123344,-1.46169458580529,0.464051366982755,-3.14985514493616,0.00163351433533498,0.0385255160709385
"84791",143.048208451426,-1.42783139454374,0.45409928978399,-3.14431541001295,0.00166475901440557,0.0390683561123678
"6775",69.4147516819756,-1.74741826639224,0.55639228115973,-3.14062276843591,0.00168589030813373,0.0394343307707143
"6444",193.119972049597,-2.02144489775348,0.644004826809423,-3.13886606684033,0.00169602947182547,0.0396064587313998
"7639",87.4810245009345,3.16601623331364,1.00947461343477,3.13630099378248,0.00171093508860525,0.0398891494880225
"220134",919.544337038659,1.1705270205271,0.373302441678123,3.13559969033467,0.00171503127841245,0.039919314642133
"56062",53.9340517095564,4.13192544577365,1.31896195724707,3.13271010059896,0.00173200418043432,0.0402099758909221
"60676",174.403771622953,-2.35580705875362,0.752400494887138,-3.13105463747335,0.00174179751638508,0.0402137854471726
"117608",20.4952983993874,5.59243881635373,1.78651418373274,3.13036351307825,0.00174590109323146,0.0402433027072526
"4093",189.487001625443,-2.49006423501463,0.797414351850047,-3.12267296072304,0.00179216767928444,0.0412430187260208
"56154",15.4452393396532,-4.46276485614444,1.43093896944818,-3.11876673389183,0.0018160967771635,0.0416590959592498
"55879",820.706538936731,1.13238215753421,0.363233167339481,3.11750759389182,0.00182387247932695,0.0417701985016277
"3624",16.1569771906414,-4.18181182344161,1.3423826821908,-3.11521586126007,0.00183810342353789,0.0418791108771602
"7802",78.1113169772683,2.17969068679349,0.699560291742101,3.11580104320308,0.00183445995863171,0.0418791108771602
"1117",473.634317053763,1.7552950217134,0.563388495699416,3.11560323846211,0.00183569078911812,0.0418791108771602
"730087",30.1304939439104,4.52005892871559,1.45164920621928,3.1137405024233,0.00184731884919823,0.0419029570172433
"4155",73.8845412742904,2.14150714072015,0.687671270058992,3.11414368166994,0.00184479629420585,0.0419029570172433
"100505702",74.1840923012652,-2.01836307900571,0.648689334923216,-3.11144791557983,0.00186172312769204,0.0421098559810645
"4208",155.635007423359,-1.87492864052277,0.602609722925684,-3.11134813992039,0.00186235235297091,0.0421098559810645
"729582",34.2666613716499,-2.34544100960146,0.75737816601356,-3.09678984006976,0.00195628512190982,0.043747694759192
"4685",20.7501142860561,-6.50259844895005,2.10164357284435,-3.09405387905499,0.00197441626566755,0.0439486739820315
"6352",56.6558907178039,3.51827592244416,1.13744221208689,3.09314696171605,0.00198046034076672,0.0439486739820315
"220001",115.643746444363,-1.49262067462428,0.482932000428526,-3.09074708923784,0.00199653611412324,0.0442311927615639
"89958",1997.41401952432,1.14368550618142,0.370517890476883,3.08672141231673,0.00202377166488222,0.0447649493264708
"100128881",45.9208391946271,-2.16475999259829,0.701880499263463,-3.08422871823614,0.00204080635787171,0.0450028245955045
"401138",23.3500439963839,4.45270727025717,1.44411937001637,3.08333740458497,0.00204692932210531,0.0450672460485165
"80731",20.5150679622408,3.14241739286745,1.02024612696701,3.08005814460599,0.00206960187177936,0.0454961090486065
"253039",89.8996739289295,-1.66318622510291,0.540445489944712,-3.0774356638133,0.00208789903153329,0.0458276143361968
"3575",233.886238088006,1.12482472162538,0.365731136401415,3.07555088881141,0.00210114069511852,0.0460473064645591
"148413",261.690133075793,-1.04545505505115,0.340604758103719,-3.06940825158054,0.00214483273830023,0.0466460188657814
"146198",197.252353405067,1.30740576074512,0.426674657531449,3.0641748640737,0.0021827128820753,0.0473253348632612
"114805",214.893520414817,-1.84188335805114,0.601679229866498,-3.0612380594554,0.00220423763621546,0.0476752822344237
"23564",119.560645763296,-1.40141773780272,0.457821013624891,-3.06106031854394,0.00220554657721904,0.0476752822344237
"650368",45.9561422810813,2.23926140525414,0.731841568315717,3.05976252538872,0.00221512555350383,0.0477637152912376
"3743",58.9704561778946,-2.18939816022176,0.715583636256165,-3.05959785731881,0.00221634368603075,0.0477637152912376
"8334",153.614550033691,-1.37196258373585,0.449870740749485,-3.04968174069324,0.0022908398238291,0.0488921760410894
"10402",248.552162783626,1.20959330467868,0.397022946425057,3.04665842508678,0.00231400501494605,0.0492720499819229
"8218",277.027377385741,-1.1704332337189,0.384465884130063,-3.04430973470445,0.00233214896321805,0.0495842716134942
